﻿<?xml version="1.0" encoding="UTF-8"?>
<ParameterConfig Machine="514">
  <P00-00_BLDC参数>
    <P00-00>
      <参数代码>P00-00</参数代码>
      <名称>电机编号</名称>
      <设定>2000</设定>
      <设定范围>0-65535</设定范围>
      <出厂设定>1</出厂设定>
      <单位>
      </单位>
      <设定方式>停机设定</设定方式>
      <生效时间>重新上电</生效时间>
      <通讯地址>0x0000</通讯地址>
      <最小值>0</最小值>
      <最大值>65535</最大值>
      <说明>出厂已设定好，无需设置
</说明>
      <符号>FALSE</符号>
      <小数位>0</小数位>
      <权限>1</权限>
      <停机设定>True</停机设定>
      <保留>false</保留>
    </P00-00>
    <P00-01>
      <参数代码>P00-01</参数代码>
      <名称>电机额定电流</名称>
      <设定>2001</设定>
      <设定范围>0-6553.5</设定范围>
      <出厂设定>2001</出厂设定>
      <单位>A</单位>
      <设定方式>停机设定</设定方式>
      <生效时间>重新上电</生效时间>
      <通讯地址>0x0001</通讯地址>
      <最小值>0</最小值>
      <最大值>6553.5</最大值>
      <说明>电机的额定电流，出厂已设定好，无需设置</说明>
      <符号>FALSE</符号>
      <小数位>1</小数位>
      <权限>1</权限>
      <停机设定>True</停机设定>
      <保留>false</保留>
    </P00-01>
    <P00-02>
      <参数代码>P00-02</参数代码>
      <名称>电机额定转速</名称>
      <设定>0</设定>
      <设定范围>0.01-655.35</设定范围>
      <出厂设定>0</出厂设定>
      <单位>RPM</单位>
      <设定方式>停机设定</设定方式>
      <生效时间>重新上电</生效时间>
      <通讯地址>0x0002</通讯地址>
      <最小值>0.01</最小值>
      <最大值>655.35</最大值>
      <说明>电机的额定转速，出厂已设定好，无需设置</说明>
      <符号>FALSE</符号>
      <小数位>0</小数位>
      <权限>1</权限>
      <停机设定>True</停机设定>
      <保留>false</保留>
    </P00-02>
    <P00-03>
      <参数代码>P00-03</参数代码>
      <名称>电机极对数</名称>
      <设定>0</设定>
      <设定范围>0.01-655.35</设定范围>
      <出厂设定>0</出厂设定>
      <单位>
      </单位>
      <设定方式>停机设定</设定方式>
      <生效时间>重新上电</生效时间>
      <通讯地址>0x0003</通讯地址>
      <最小值>0.01</最小值>
      <最大值>655.35</最大值>
      <说明>电机极对数，出厂已设定好，无需设置</说明>
      <符号>FALSE</符号>
      <小数位>0</小数位>
      <权限>1</权限>
      <停机设定>True</停机设定>
      <保留>false</保留>
    </P00-03>
    <P00-04>
      <参数代码>P00-04</参数代码>
      <名称>控制模式</名称>
      <设定>0</设定>
      <设定范围>0-2</设定范围>
      <出厂设定>0</出厂设定>
      <单位>--</单位>
      <设定方式>停机设定</设定方式>
      <生效时间>立即生效</生效时间>
      <通讯地址>0x0004</通讯地址>
      <最小值>0</最小值>
      <最大值>4</最大值>
      <说明>控制模式，
0：数字给定
1：模拟输入给定
2：PWM输入给定</说明>
      <符号>FALSE</符号>
      <小数位>0</小数位>
      <权限>0</权限>
      <停机设定>True</停机设定>
      <保留>false</保留>
    </P00-04>
    <P00-05>
      <参数代码>P00-05</参数代码>
      <名称>正反转电平</名称>
      <设定>0</设定>
      <设定范围>0-1</设定范围>
      <出厂设定>0</出厂设定>
      <单位>--</单位>
      <设定方式>停机设定</设定方式>
      <生效时间>重新上电</生效时间>
      <通讯地址>0x0005</通讯地址>
      <最小值>0</最小值>
      <最大值>1</最大值>
      <说明>电机正反转电平
0：高电平正转，低电平反转
1：低电平正转，高电平反转</说明>
      <符号>FALSE</符号>
      <小数位>0</小数位>
      <权限>0</权限>
      <停机设定>True</停机设定>
      <保留>false</保留>
    </P00-05>
    <P00-06>
      <参数代码>P00-06</参数代码>
      <名称>数字给定</名称>
      <设定>3000</设定>
      <设定范围>-5000-5000</设定范围>
      <出厂设定>3000</出厂设定>
      <单位>RPM</单位>
      <设定方式>在线设定停机设定</设定方式>
      <生效时间>立即生效</生效时间>
      <通讯地址>0x0006</通讯地址>
      <最小值>-5000</最小值>
      <最大值>5000</最大值>
      <说明>数字给定，P00-04=0时生效</说明>
      <符号>true</符号>
      <小数位>0</小数位>
      <权限>0</权限>
      <停机设定>false</停机设定>
      <保留>false</保留>
    </P00-06>
    <P00-07>
      <参数代码>P00-07</参数代码>
      <名称>100%模拟量对应最大转速</名称>
      <设定>0</设定>
      <设定范围>-5000-5000</设定范围>
      <出厂设定>
      </出厂设定>
      <单位>RPM</单位>
      <设定方式>停机设定</设定方式>
      <生效时间>立即生效</生效时间>
      <通讯地址>0x0007</通讯地址>
      <最小值>-5000</最小值>
      <最大值>5000</最大值>
      <说明>100%模拟量输入控制时对应的转速，P00-04=1时生效</说明>
      <符号>true</符号>
      <小数位>0</小数位>
      <权限>0</权限>
      <停机设定>True</停机设定>
      <保留>false</保留>
    </P00-07>
    <P00-08>
      <参数代码>P00-08</参数代码>
      <名称>模拟量输入偏置</名称>
      <设定>0</设定>
      <设定范围>-5000-5000</设定范围>
      <出厂设定>
      </出厂设定>
      <单位>%</单位>
      <设定方式>停机设定</设定方式>
      <生效时间>立即生效</生效时间>
      <通讯地址>0x0008</通讯地址>
      <最小值>-5000</最小值>
      <最大值>5000</最大值>
      <说明>
      </说明>
      <符号>true</符号>
      <小数位>0</小数位>
      <权限>10</权限>
      <停机设定>True</停机设定>
      <保留>false</保留>
    </P00-08>
    <P00-09>
      <参数代码>P00-09</参数代码>
      <名称>100%PWM对应最大转速</名称>
      <设定>3000</设定>
      <设定范围>-5000-5000</设定范围>
      <出厂设定>
      </出厂设定>
      <单位>RPM</单位>
      <设定方式>
      </设定方式>
      <生效时间>
      </生效时间>
      <通讯地址>0x0009</通讯地址>
      <最小值>-5000</最小值>
      <最大值>5000</最大值>
      <说明>100%PWM量输入控制时对应的转速，P00-04=2时生效</说明>
      <符号>true</符号>
      <小数位>0</小数位>
      <权限>0</权限>
      <停机设定>true</停机设定>
      <保留>false</保留>
    </P00-09>
    <P00-10>
      <参数代码>P00-10</参数代码>
      <名称>速度环比例</名称>
      <设定>0</设定>
      <设定范围>0-65535</设定范围>
      <出厂设定>
      </出厂设定>
      <单位>
      </单位>
      <设定方式>
      </设定方式>
      <生效时间>
      </生效时间>
      <通讯地址>0x000A</通讯地址>
      <最小值>0</最小值>
      <最大值>65535</最大值>
      <说明>
      </说明>
      <符号>FALSE</符号>
      <小数位>0</小数位>
      <权限>0</权限>
      <停机设定>false</停机设定>
      <保留>false</保留>
    </P00-10>
    <P00-11>
      <参数代码>P00-11</参数代码>
      <名称>速度环积分</名称>
      <设定>0</设定>
      <设定范围>0-65535</设定范围>
      <出厂设定>
      </出厂设定>
      <单位>
      </单位>
      <设定方式>
      </设定方式>
      <生效时间>
      </生效时间>
      <通讯地址>0x000B</通讯地址>
      <最小值>0</最小值>
      <最大值>65535</最大值>
      <说明>
      </说明>
      <符号>FALSE</符号>
      <小数位>0</小数位>
      <权限>0</权限>
      <停机设定>false</停机设定>
      <保留>false</保留>
    </P00-11>
    <P00-12>
      <参数代码>P00-12</参数代码>
      <名称>速度环微分</名称>
      <设定>0</设定>
      <设定范围>0-65535</设定范围>
      <出厂设定>
      </出厂设定>
      <单位>
      </单位>
      <设定方式>
      </设定方式>
      <生效时间>
      </生效时间>
      <通讯地址>0x000C</通讯地址>
      <最小值>0</最小值>
      <最大值>65535</最大值>
      <说明>
      </说明>
      <符号>FALSE</符号>
      <小数位>0</小数位>
      <权限>0</权限>
      <停机设定>false</停机设定>
      <保留>false</保留>
    </P00-12>
    <P00-13>
      <参数代码>P00-13</参数代码>
      <名称>速度环最大输出极限</名称>
      <设定>0</设定>
      <设定范围>0-65535</设定范围>
      <出厂设定>
      </出厂设定>
      <单位>
      </单位>
      <设定方式>
      </设定方式>
      <生效时间>
      </生效时间>
      <通讯地址>0x000D</通讯地址>
      <最小值>0</最小值>
      <最大值>65535</最大值>
      <说明>
      </说明>
      <符号>FALSE</符号>
      <小数位>0</小数位>
      <权限>10</权限>
      <停机设定>false</停机设定>
      <保留>false</保留>
    </P00-13>
    <P00-14>
      <参数代码>P00-14</参数代码>
      <名称>速度环最小输出极限</名称>
      <设定>0</设定>
      <设定范围>-65535-0</设定范围>
      <出厂设定>
      </出厂设定>
      <单位>
      </单位>
      <设定方式>
      </设定方式>
      <生效时间>
      </生效时间>
      <通讯地址>0x000E</通讯地址>
      <最小值>-65535</最小值>
      <最大值>0</最大值>
      <说明>
      </说明>
      <符号>true</符号>
      <小数位>0</小数位>
      <权限>10</权限>
      <停机设定>false</停机设定>
      <保留>false</保留>
    </P00-14>
    <P00-15>
      <参数代码>P00-15</参数代码>
      <名称>电流环比例</名称>
      <设定>0</设定>
      <设定范围>0-65535</设定范围>
      <出厂设定>
      </出厂设定>
      <单位>
      </单位>
      <设定方式>
      </设定方式>
      <生效时间>
      </生效时间>
      <通讯地址>0x000F</通讯地址>
      <最小值>0</最小值>
      <最大值>65535</最大值>
      <说明>
      </说明>
      <符号>FALSE</符号>
      <小数位>0</小数位>
      <权限>0</权限>
      <停机设定>false</停机设定>
      <保留>false</保留>
    </P00-15>
    <P00-16>
      <参数代码>P00-16</参数代码>
      <名称>电流环积分</名称>
      <设定>0</设定>
      <设定范围>0-65535</设定范围>
      <出厂设定>
      </出厂设定>
      <单位>
      </单位>
      <设定方式>
      </设定方式>
      <生效时间>
      </生效时间>
      <通讯地址>0x0010</通讯地址>
      <最小值>0</最小值>
      <最大值>65535</最大值>
      <说明>
      </说明>
      <符号>FALSE</符号>
      <小数位>0</小数位>
      <权限>0</权限>
      <停机设定>false</停机设定>
      <保留>false</保留>
    </P00-16>
    <P00-17>
      <参数代码>P00-17</参数代码>
      <名称>电流环微分</名称>
      <设定>0</设定>
      <设定范围>0-65535</设定范围>
      <出厂设定>
      </出厂设定>
      <单位>
      </单位>
      <设定方式>
      </设定方式>
      <生效时间>
      </生效时间>
      <通讯地址>0x0011</通讯地址>
      <最小值>0</最小值>
      <最大值>65535</最大值>
      <说明>
      </说明>
      <符号>FALSE</符号>
      <小数位>0</小数位>
      <权限>10</权限>
      <停机设定>false</停机设定>
      <保留>false</保留>
    </P00-17>
    <P00-18>
      <参数代码>P00-18</参数代码>
      <名称>电流环最大输出极限</名称>
      <设定>0</设定>
      <设定范围>0-65535</设定范围>
      <出厂设定>
      </出厂设定>
      <单位>
      </单位>
      <设定方式>
      </设定方式>
      <生效时间>
      </生效时间>
      <通讯地址>0x0012</通讯地址>
      <最小值>0</最小值>
      <最大值>65535</最大值>
      <说明>
      </说明>
      <符号>FALSE</符号>
      <小数位>0</小数位>
      <权限>10</权限>
      <停机设定>false</停机设定>
      <保留>false</保留>
    </P00-18>
    <P00-19>
      <参数代码>P00-19</参数代码>
      <名称>电流环最小输出极限</名称>
      <设定>0</设定>
      <设定范围>0-65535</设定范围>
      <出厂设定>
      </出厂设定>
      <单位>
      </单位>
      <设定方式>
      </设定方式>
      <生效时间>
      </生效时间>
      <通讯地址>0x0013</通讯地址>
      <最小值>0</最小值>
      <最大值>65535</最大值>
      <说明>
      </说明>
      <符号>true</符号>
      <小数位>0</小数位>
      <权限>10</权限>
      <停机设定>false</停机设定>
      <保留>false</保留>
    </P00-19>
 <P00-20>
      <参数代码>P00-20</参数代码>
      <名称>模拟偏置</名称>
      <设定>0</设定>
      <设定范围>0-65535</设定范围>
      <出厂设定>
      </出厂设定>
      <单位>
      </单位>
      <设定方式>
      </设定方式>
      <生效时间>
      </生效时间>
      <通讯地址>0x0014</通讯地址>
      <最小值>-65535</最小值>
      <最大值>65535</最大值>
      <说明>
      </说明>
      <符号>true</符号>
      <小数位>0</小数位>
      <权限>0</权限>
      <停机设定>false</停机设定>
      <保留>false</保留>
    </P00-20>
 <P00-21>
      <参数代码>P00-21</参数代码>
      <名称>电流给定</名称>
      <设定>0</设定>
      <设定范围>0-65535</设定范围>
      <出厂设定>
      </出厂设定>
      <单位>
      </单位>
      <设定方式>
      </设定方式>
      <生效时间>
      </生效时间>
      <通讯地址>0x0015</通讯地址>
      <最小值>-65535</最小值>
      <最大值>65535</最大值>
      <说明>
      </说明>
      <符号>true</符号>
      <小数位>0</小数位>
      <权限>0</权限>
      <停机设定>false</停机设定>
      <保留>false</保留>
    </P00-21>
 <P00-22>
      <参数代码>P00-22</参数代码>
      <名称>控制类型</名称>
      <设定>0</设定>
      <设定范围>0-1</设定范围>
      <出厂设定>
      </出厂设定>
      <单位>
      </单位>
      <设定方式>
      </设定方式>
      <生效时间>
      </生效时间>
      <通讯地址>0x0016</通讯地址>
      <最小值>0</最小值>
      <最大值>2</最大值>
      <说明>
      </说明>
      <符号>false</符号>
      <小数位>0</小数位>
      <权限>0</权限>
      <停机设定>true</停机设定>
      <保留>false</保留>
    </P00-22>
  </P00-00_BLDC参数>
</ParameterConfig>