﻿<?xml version="1.0" encoding="UTF-8"?>
<AuxiliaryConfig Number="13">
  <Sequence0>
    <显示项目>AF.AF_JoG</显示项目>
    <功能>辅助功能</功能>
    <操作>辅助操作</操作>
  </Sequence0>
  <Sequence1>
    <显示项目>AF.AF_run</显示项目>
    <功能>辅助功能</功能>
    <操作>辅助操作</操作>
  </Sequence1>
  <Sequence2>
    <显示项目>AF.AF_oF1</显示项目>
    <功能>辅助功能</功能>
    <操作>辅助操作</操作>
  </Sequence2>
  <Sequence3>
    <显示项目>AF.AF_oF2</显示项目>
    <功能>辅助功能</功能>
    <操作>辅助操作</操作>
  </Sequence3>
  <Sequence4>
    <显示项目>AF.AF_oF3</显示项目>
    <功能>辅助功能</功能>
    <操作>辅助操作</操作>
  </Sequence4>
  <Sequence5>
    <显示项目>AF.AF_En0</显示项目>
    <功能>辅助功能</功能>
    <操作>辅助操作</操作>
  </Sequence5>
  <Sequence6>
    <显示项目>AF.AF_En1</显示项目>
    <功能>辅助功能</功能>
    <操作>辅助操作</操作>
  </Sequence6>
  <Sequence7>
    <显示项目>AF.AF_ini</显示项目>
    <功能>辅助功能</功能>
    <操作>辅助操作</操作>
  </Sequence7>
  <Sequence8>
    <显示项目>AF.AF_Err</显示项目>
    <功能>辅助功能</功能>
    <操作>辅助操作</操作>
  </Sequence8>
  <Sequence9>
    <显示项目>AF.AF_uEr</显示项目>
    <功能>辅助功能</功能>
    <操作>辅助操作</操作>
  </Sequence9>
  <Sequence10>
    <显示项目>AF.AF_unL</显示项目>
    <功能>辅助功能</功能>
    <操作>辅助操作</操作>
  </Sequence10>
  <Sequence11>
    <显示项目>AF.AF_Io</显示项目>
    <功能>辅助功能</功能>
    <操作>辅助操作</操作>
  </Sequence11>
  <Sequence12>
    <显示项目>AF.AF_J-L</显示项目>
    <功能>辅助功能</功能>
    <操作>辅助操作</操作>
  </Sequence12>
</AuxiliaryConfig>