﻿<?xml version="1.0" encoding="UTF-8"?>
<MontorConfig>
  <MontorSequence0>
    <显示序号>d00.C.PU
</显示序号>
    <监控值>0</监控值>
    <显示项目>--</显示项目>
    <单位></单位>
    <通讯地址>0x0834</通讯地址>
    <说明></说明>
    <符号>TRUE</符号>
    <小数位>0</小数位>
    <高16位字节>true</高16位字节>
  </MontorSequence0>
  <MontorSequence1>
    <显示序号>d01.F.PU
</显示序号>
    <监控值>0</监控值>
    <显示项目>--</显示项目>
    <单位></单位>
    <通讯地址>0x0836</通讯地址>
    <说明></说明>
    <符号>TRUE</符号>
    <小数位>0</小数位>
    <高16位字节>true</高16位字节>
  </MontorSequence1>
  <MontorSequence2>
    <显示序号>d02.E.PU
</显示序号>
    <监控值>0</监控值>
    <显示项目>--</显示项目>
    <单位></单位>
    <通讯地址>0x0838</通讯地址>
    <说明></说明>
    <符号>TRUE</符号>
    <小数位>0</小数位>
    <高16位字节>true</高16位字节>
  </MontorSequence2>
  <MontorSequence3>
    <显示序号>d03.C.PE</显示序号>
    <监控值>0</监控值>
    <显示项目>--</显示项目>
    <单位></单位>
    <通讯地址>0x083A</通讯地址>
    <说明></说明>
    <符号>TRUE</符号>
    <小数位>0</小数位>
    <高16位字节>true</高16位字节>
  </MontorSequence3>
  <MontorSequence4>
    <显示序号>d04.F.PE</显示序号>
    <监控值>0</监控值>
    <显示项目>--</显示项目>
    <单位></单位>
    <通讯地址>0x083C</通讯地址>
    <说明></说明>
    <符号>TRUE</符号>
    <小数位>0</小数位>
    <高16位字节>true</高16位字节>
  </MontorSequence4>
  <MontorSequence5>
    <显示序号>d05.E.PE</显示序号>
    <监控值>0</监控值>
    <显示项目>--</显示项目>
    <单位></单位>
    <通讯地址>0x083E</通讯地址>
    <说明></说明>
    <符号>TRUE</符号>
    <小数位>0</小数位>
    <高16位字节>true</高16位字节>
  </MontorSequence5>
  <MontorSequence6>
    <显示序号>d06.C.Fr</显示序号>
    <监控值>0</监控值>
    <显示项目>--</显示项目>
    <单位></单位>
    <通讯地址>0x0840</通讯地址>
    <说明></说明>
    <符号>TRUE</符号>
    <小数位>1</小数位>
    <高16位字节>false</高16位字节>
  </MontorSequence6>
  <MontorSequence7>
    <显示序号>d07.C.SP</显示序号>
    <监控值>0</监控值>
    <显示项目>速度控制指令</显示项目>
    <单位>rpm</单位>
    <通讯地址>0x0841</通讯地址>
    <说明>
    </说明>
    <符号>TRUE</符号>
    <小数位>0</小数位>
    <高16位字节>false</高16位字节>
  </MontorSequence7>
  <MontorSequence8>
    <显示序号>d08.F.SP</显示序号>
    <监控值>0</监控值>
    <显示项目>电机速度</显示项目>
    <单位>rpm</单位>
    <通讯地址>0x0842</通讯地址>
    <说明>此参数可以监控伺服电机运行时的转速</说明>
    <符号>TRUE</符号>
    <小数位>0</小数位>
    <高16位字节>false</高16位字节>
  </MontorSequence8>
  <MontorSequence9>
    <显示序号>d09.C.tQ</显示序号>
    <监控值>0</监控值>
    <显示项目>电机运行方向</显示项目>
    <单位></单位>
    <通讯地址>0x0843</通讯地址>
    <说明>监控电机运行方向 0：停止，1：正转 2：反转</说明>
    <符号>False</符号>
    <小数位>0</小数位>
    <高16位字节>false</高16位字节>
  </MontorSequence9>
  <MontorSequence10>
    <显示序号>d10.F.tQ</显示序号>
    <监控值>0</监控值>
    <显示项目>反馈电流</显示项目>
    <单位>A</单位>
    <通讯地址>0x0844</通讯地址>
    <说明>反馈电流</说明>
    <符号>TRUE</符号>
    <小数位>1</小数位>
    <高16位字节>false</高16位字节>
  </MontorSequence10>
  <MontorSequence11>
    <显示序号>d11.AG.L</显示序号>
    <监控值>0</监控值>
    <显示项目>BK</显示项目>
    <单位></单位>
    <通讯地址>0x0845</通讯地址>
    <说明>刹车信号状态，0：高电平 1：低电平</说明>
    <符号>FALSE</符号>
    <小数位>0</小数位>
    <高16位字节>false</高16位字节>
  </MontorSequence11>
  <MontorSequence12>
    <显示序号>d12.PE.L</显示序号>
    <监控值>0</监控值>
    <显示项目>FR</显示项目>
    <单位></单位>
    <通讯地址>0x0846</通讯地址>
    <说明>方向信号状态，0：高电平 1：低电平</说明>
    <符号>TRUE</符号>
    <小数位>0</小数位>
    <高16位字节>false</高16位字节>
  </MontorSequence12>
  <MontorSequence13>
    <显示序号>d13.oL</显示序号>
    <监控值>0</监控值>
    <显示项目>--</显示项目>
    <单位></单位>
    <通讯地址>0x0847</通讯地址>
    <说明></说明>
    <符号>FALSE</符号>
    <小数位>0</小数位>
    <高16位字节>false</高16位字节>
  </MontorSequence13>
  <MontorSequence14>
    <显示序号>d14.rG</显示序号>
    <监控值>0</监控值>
    <显示项目>当前故障码</显示项目>
    <单位></单位>
    <通讯地址>0x0848</通讯地址>
    <说明>0：无故障 1：保留 2：过流 3：保留 4：霍尔故障 5：保留 6：欠压 7：过载 8：过压 9：EEROPM故障</说明>
    <符号>FALSE</符号>
    <小数位>0</小数位>
    <高16位字节>false</高16位字节>
  </MontorSequence14>
  <MontorSequence15>
    <显示序号>d15</显示序号>
    <监控值>
    </监控值>
    <显示项目>
    </显示项目>
    <单位>
    </单位>
    <通讯地址>
    </通讯地址>
    <说明>
    </说明>
    <符号>
    </符号>
    <小数位>
    </小数位>
    <高16位字节>
    </高16位字节>
  </MontorSequence15>
  <MontorSequence16>
    <显示序号>d16.I.Io</显示序号>
    <监控值>0</监控值>
    <显示项目>--</显示项目>
    <单位></单位>
    <通讯地址>0x0849</通讯地址>
    <说明></说明>
    <符号>FALSE</符号>
    <小数位>0</小数位>
    <高16位字节>false</高16位字节>
  </MontorSequence16>
  <MontorSequence17>
    <显示序号>d15</显示序号>
    <监控值>0</监控值>
    <显示项目>
    </显示项目>
    <单位>
    </单位>
    <通讯地址>
    </通讯地址>
    <说明>
    </说明>
    <符号>FALSE</符号>
    <小数位>0</小数位>
    <高16位字节>false</高16位字节>
  </MontorSequence17>
  <MontorSequence18>
    <显示序号>d17.O.Io</显示序号>
    <监控值>0</监控值>
    <显示项目>--</显示项目>
    <单位></单位>
    <通讯地址>0x084A</通讯地址>
    <说明></说明>
    <符号>FALSE</符号>
    <小数位>0</小数位>
    <高16位字节>false</高16位字节>
  </MontorSequence18>
  <MontorSequence19>
    <显示序号>d18.AnG</显示序号>
    <监控值>0</监控值>
    <显示项目>--</显示项目>
    <单位></单位>
    <通讯地址>0x084B</通讯地址>
    <说明></说明>
    <符号>FALSE</符号>
    <小数位>0</小数位>
    <高16位字节>false</高16位字节>
  </MontorSequence19>
  <MontorSequence20>
    <显示序号>d19.HAL</显示序号>
    <监控值>0</监控值>
    <显示项目>电机UVW相序</显示项目>
    <单位>
    </单位>
    <通讯地址>0x084C</通讯地址>
    <说明>此参数可以监控霍尔相序位置</说明>
    <符号>FALSE</符号>
    <小数位>0</小数位>
    <高16位字节>false</高16位字节>
  </MontorSequence20>
  <MontorSequence21>
    <显示序号>d20.ASS</显示序号>
    <监控值>0</监控值>
    <显示项目>X1</显示项目>
    <单位></单位>
    <通讯地址>0x084D</通讯地址>
    <说明>X1输入状态，0：低电平 1：高电平</说明>
    <符号>FALSE</符号>
    <小数位>0</小数位>
    <高16位字节>false</高16位字节>
  </MontorSequence21>
  <MontorSequence22>
    <显示序号>d21.ASH</显示序号>
    <监控值>0</监控值>
    <显示项目>X2</显示项目>
    <单位>
    </单位>
    <通讯地址>0x084E</通讯地址>
    <说明>X2输入状态，0：低电平 1：高电平</说明>
    <符号>TRUE</符号>
    <小数位>0</小数位>
    <高16位字节>false</高16位字节>
  </MontorSequence22>
  <MontorSequence23>
    <显示序号>d22.j-L</显示序号>
    <监控值>0</监控值>
    <显示项目>X3</显示项目>
    <单位></单位>
    <通讯地址>0x084F</通讯地址>
    <说明>X3输入状态，0：低电平 1：高电平</说明>
    <符号>FALSE</符号>
    <小数位>0</小数位>
    <高16位字节>false</高16位字节>
  </MontorSequence23>
  <MontorSequence24>
    <显示序号>d23.dcp</显示序号>
    <监控值>0</监控值>
    <显示项目>主回路电压（直流值）</显示项目>
    <单位>V</单位>
    <通讯地址>0x0850</通讯地址>
    <说明>此参数可以监控主回路的电压值</说明>
    <符号>FALSE</符号>
    <小数位>2</小数位>
    <高16位字节>false</高16位字节>
  </MontorSequence24>
  <MontorSequence25>
    <显示序号>d24.Ath</显示序号>
    <监控值>0</监控值>
    <显示项目>--</显示项目>
    <单位></单位>
    <通讯地址>0x0851</通讯地址>
    <说明></说明>
    <符号>TRUE</符号>
    <小数位>0</小数位>
    <高16位字节>false</高16位字节>
  </MontorSequence25>
  <MontorSequence26>
    <显示序号>d25.tiE_H</显示序号>
    <监控值>0</监控值>
    <显示项目>--</显示项目>
    <单位></单位>
    <通讯地址>0x0852</通讯地址>
    <说明></说明>
    <符号>FALSE</符号>
    <小数位>0</小数位>
    <高16位字节>true</高16位字节>
  </MontorSequence26>
  <MontorSequence27>
    <显示序号>d26.1.Fr</显示序号>
    <监控值>0</监控值>
    <显示项目>--</显示项目>
    <单位></单位>
    <通讯地址>0x0854</通讯地址>
    <说明></说明>
    <符号>FALSE</符号>
    <小数位>0</小数位>
    <高16位字节>false</高16位字节>
  </MontorSequence27>
  <MontorSequence28>
    <显示序号>d27</显示序号>
    <监控值>
    </监控值>
    <显示项目>
    </显示项目>
    <单位>
    </单位>
    <通讯地址>0x0855</通讯地址>
    <说明>
    </说明>
    <符号>FALSE</符号>
    <小数位>0</小数位>
    <高16位字节>false</高16位字节>
  </MontorSequence28>
  <MontorSequence29>
    <显示序号>d28.2.Fr</显示序号>
    <监控值>0</监控值>
    <显示项目>--</显示项目>
    <单位></单位>
    <通讯地址>0x0856</通讯地址>
    <说明></说明>
    <符号>FALSE</符号>
    <小数位>0</小数位>
    <高16位字节>false</高16位字节>
  </MontorSequence29>
  <MontorSequence30>
    <显示序号>d29</显示序号>
    <监控值>
    </监控值>
    <显示项目>
    </显示项目>
    <单位>
    </单位>
    <通讯地址>0x0857</通讯地址>
    <说明>
    </说明>
    <符号>FALSE</符号>
    <小数位>0</小数位>
    <高16位字节>false</高16位字节>
  </MontorSequence30>
  <MontorSequence31>
    <显示序号>d30.Ai1</显示序号>
    <监控值>0</监控值>
    <显示项目>模拟量输入电压（V_REF）</显示项目>
    <单位>0.01V</单位>
    <通讯地址>0x0858</通讯地址>
    <说明>此参数可以监控速度环的模拟指令（V-REF）输入电压值</说明>
    <符号>TRUE</符号>
    <小数位>2</小数位>
    <高16位字节>false</高16位字节>
  </MontorSequence31>
  <MontorSequence32>
    <显示序号>d31.Ai2</显示序号>
    <监控值>0</监控值>
    <显示项目>--</显示项目>
    <单位></单位>
    <通讯地址>0x0859</通讯地址>
    <说明></说明>
    <符号>TRUE</符号>
    <小数位>2</小数位>
    <高16位字节>false</高16位字节>
  </MontorSequence32>
</MontorConfig>