﻿<?xml version="1.0" encoding="UTF-8"?>
<ParameterConfig Machine="514">
  <P00-00_BLDC参数>
    <P00-00>
      <参数代码>P00-00</参数代码>
      <名称>电机编号</名称>
      <设定>2000</设定>
      <设定范围>0-65535</设定范围>
      <出厂设定>1</出厂设定>
      <单位>
      </单位>
      <设定方式>停机设定</设定方式>
      <生效时间>重新上电</生效时间>
      <通讯地址>0x0000</通讯地址>
      <最小值>0</最小值>
      <最大值>65535</最大值>
      <说明>出厂已设定好，无需设置
</说明>
      <符号>FALSE</符号>
      <小数位>0</小数位>
      <权限>1</权限>
      <停机设定>True</停机设定>
      <保留>True</保留>
    </P00-00>
    <P00-01>
      <参数代码>P00-01</参数代码>
      <名称>电机额定电流</名称>
      <设定>0</设定>
      <设定范围>0-100.0</设定范围>
      <出厂设定>0</出厂设定>
      <单位>A</单位>
      <设定方式>停机设定</设定方式>
      <生效时间>重新上电</生效时间>
      <通讯地址>0x0001</通讯地址>
      <最小值>0</最小值>
      <最大值>6553.5</最大值>
      <说明>电机的额定电流，出厂已设定好，无需设置</说明>
      <符号>FALSE</符号>
      <小数位>1</小数位>
      <权限>0</权限>
      <停机设定>True</停机设定>
      <保留>false</保留>
    </P00-01>
    <P00-02>
      <参数代码>P00-02</参数代码>
      <名称>电机额定转速</名称>
      <设定>0</设定>
      <设定范围>0-50000</设定范围>
      <出厂设定>0</出厂设定>
      <单位>RPM</单位>
      <设定方式>停机设定</设定方式>
      <生效时间>重新上电</生效时间>
      <通讯地址>0x0002</通讯地址>
      <最小值>0</最小值>
      <最大值>50000</最大值>
      <说明>电机的额定转速，出厂已设定好，无需设置</说明>
      <符号>FALSE</符号>
      <小数位>0</小数位>
      <权限>0</权限>
      <停机设定>True</停机设定>
      <保留>false</保留>
    </P00-02>
    <P00-03>
      <参数代码>P00-03</参数代码>
      <名称>电机极对数</名称>
      <设定>0</设定>
      <设定范围>1-16</设定范围>
      <出厂设定>0</出厂设定>
      <单位>
      </单位>
      <设定方式>停机设定</设定方式>
      <生效时间>重新上电</生效时间>
      <通讯地址>0x0003</通讯地址>
      <最小值>1</最小值>
      <最大值>16</最大值>
      <说明>电机极对数，出厂已设定好，无需设置</说明>
      <符号>FALSE</符号>
      <小数位>0</小数位>
      <权限>0</权限>
      <停机设定>True</停机设定>
      <保留>false</保留>
    </P00-03>
    <P00-04>
      <参数代码>P00-04</参数代码>
      <名称>速度给定方式</名称>
      <设定>0</设定>
      <设定范围>0-8</设定范围>
      <出厂设定>0</出厂设定>
      <单位>--</单位>
      <设定方式>停机设定</设定方式>
      <生效时间>立即生效</生效时间>
      <通讯地址>0x0004</通讯地址>
      <最小值>0</最小值>
      <最大值>8</最大值>
      <说明>速度给定方式
0：数字给定
1：模拟输入给定
2：PWM输入给定


3：多段速1给定(仅分体支持)


4：多段速2给定(仅分体支持)





</说明>
      <符号>FALSE</符号>
      <小数位>0</小数位>
      <权限>0</权限>
      <停机设定>True</停机设定>
      <保留>false</保留>
    </P00-04>
    <P00-05>
      <参数代码>P00-05</参数代码>
      <名称>控制模式</名称>
      <设定>0</设定>
      <设定范围>0-2</设定范围>
      <出厂设定>0</出厂设定>
      <单位>--</单位>
      <设定方式>停机设定</设定方式>
      <生效时间>重新上电</生效时间>
      <通讯地址>0x0005</通讯地址>
      <最小值>0</最小值>
      <最大值>2</最大值>
      <说明>设定控制模式
0：端子控制
1：保留
2：通讯控制





</说明>
      <符号>FALSE</符号>
      <小数位>0</小数位>
      <权限>0</权限>
      <停机设定>True</停机设定>
      <保留>false</保留>
    </P00-05>
    <P00-06>
      <参数代码>P00-06</参数代码>
      <名称>数字给定</名称>
      <设定>3000</设定>
      <设定范围>0-5000</设定范围>
      <出厂设定>3000</出厂设定>
      <单位>RPM</单位>
      <设定方式>在线设定</设定方式>
      <生效时间>立即生效</生效时间>
      <通讯地址>0x0006</通讯地址>
      <最小值>0</最小值>
      <最大值>5000</最大值>
      <说明>数字给定，P00-04=0或3时生效</说明>
      <符号>true</符号>
      <小数位>0</小数位>
      <权限>0</权限>
      <停机设定>false</停机设定>
      <保留>false</保留>
    </P00-06>
    <P00-07>
      <参数代码>P00-07</参数代码>
      <名称>通讯控制指令</名称>
      <设定>0</设定>
      <设定范围>0-3</设定范围>
      <出厂设定>2</出厂设定>
      <单位>---</单位>
      <设定方式>停机设定</设定方式>
      <生效时间>重新上电</生效时间>
      <通讯地址>0x0007</通讯地址>
      <最小值>0</最小值>
      <最大值>3</最大值>
      <说明>设定范围：0-3、bit0：0-禁止使能，1-使能；
bit1：0-反转，1-正转 
</说明>
      <符号>FALSE</符号>
      <小数位>0</小数位>
      <权限>0</权限>
      <停机设定>false</停机设定>
      <保留>false</保留>
    </P00-07>
    <P00-08>
      <参数代码>P00-08</参数代码>
      <名称>霍尔角度</名称>
      <设定>0</设定>
      <设定范围>0-3</设定范围>
      <出厂设定>0
      </出厂设定>
      <单位>-</单位>
      <设定方式>停机设定</设定方式>
      <生效时间>立即生效</生效时间>
      <通讯地址>0x0008</通讯地址>
      <最小值>0</最小值>
      <最大值>3</最大值>
      <说明>0：120度霍尔  1：240度霍尔  2：保留 3：保留
      </说明>
      <符号>false</符号>
      <小数位>0</小数位>
      <权限>0</权限>
      <停机设定>false</停机设定>
      <保留>false</保留>
    </P00-08>
    <P00-09>
      <参数代码>P00-09</参数代码>
      <名称>100%PWM对应最大转速</名称>
      <设定>3000</设定>
      <设定范围>-5000-5000</设定范围>
      <出厂设定>
      </出厂设定>
      <单位>RPM</单位>
      <设定方式>
      </设定方式>
      <生效时间>
      </生效时间>
      <通讯地址>0x0009</通讯地址>
      <最小值>-5000</最小值>
      <最大值>5000</最大值>
      <说明>100%PWM量输入控制时对应的转速，P00-04=2时生效</说明>
      <符号>true</符号>
      <小数位>0</小数位>
      <权限>10</权限>
      <停机设定>true</停机设定>
      <保留>True</保留>
    </P00-09>
    <P00-10>
      <参数代码>P00-10</参数代码>
      <名称>速度环比例</名称>
      <设定>0</设定>
      <设定范围>0-65535</设定范围>
      <出厂设定>
      </出厂设定>
      <单位>
      </单位>
      <设定方式>在线设定
      </设定方式>
      <生效时间>立即生效
      </生效时间>
      <通讯地址>0x000A</通讯地址>
      <最小值>0</最小值>
      <最大值>65535</最大值>
      <说明>
      </说明>
      <符号>FALSE</符号>
      <小数位>0</小数位>
      <权限>0</权限>
      <停机设定>false</停机设定>
      <保留>false</保留>
    </P00-10>
    <P00-11>
      <参数代码>P00-11</参数代码>
      <名称>速度环积分</名称>
      <设定>0</设定>
      <设定范围>0-65535</设定范围>
      <出厂设定>
      </出厂设定>
      <单位>
      </单位>
      <设定方式>在线设定
      </设定方式>
      <生效时间>立即生效
      </生效时间>
      <通讯地址>0x000B</通讯地址>
      <最小值>0</最小值>
      <最大值>65535</最大值>
      <说明>
      </说明>
      <符号>FALSE</符号>
      <小数位>0</小数位>
      <权限>0</权限>
      <停机设定>false</停机设定>
      <保留>false</保留>
    </P00-11>
    <P00-12>
      <参数代码>P00-12</参数代码>
      <名称>速度环微分</名称>
      <设定>0</设定>
      <设定范围>0-65535</设定范围>
      <出厂设定>
      </出厂设定>
      <单位>
      </单位>
      <设定方式>在线设定
      </设定方式>
      <生效时间>立即生效
      </生效时间>
      <通讯地址>0x000C</通讯地址>
      <最小值>0</最小值>
      <最大值>65535</最大值>
      <说明>
      </说明>
      <符号>FALSE</符号>
      <小数位>0</小数位>
      <权限>0</权限>
      <停机设定>false</停机设定>
      <保留>false</保留>
    </P00-12>
    <P00-13>
      <参数代码>P00-13</参数代码>
      <名称>电流环比例</名称>
      <设定>0</设定>
      <设定范围>0-65535</设定范围>
      <出厂设定>
      </出厂设定>
      <单位>
      </单位>
      <设定方式>在线设定
      </设定方式>
      <生效时间>立即生效
      </生效时间>
      <通讯地址>0x000D</通讯地址>
      <最小值>0</最小值>
      <最大值>65535</最大值>
      <说明>
      </说明>
      <符号>FALSE</符号>
      <小数位>0</小数位>
      <权限>0</权限>
      <停机设定>false</停机设定>
      <保留>false</保留>
    </P00-13>
    <P00-14>
      <参数代码>P00-14</参数代码>
      <名称>电流环积分</名称>
      <设定>0</设定>
      <设定范围>0-65535</设定范围>
      <出厂设定>
      </出厂设定>
      <单位>
      </单位>
      <设定方式>在线设定
      </设定方式>
      <生效时间>立即生效
      </生效时间>
      <通讯地址>0x000E</通讯地址>
      <最小值>0</最小值>
      <最大值>65535</最大值>
      <说明>
      </说明>
      <符号>FALSE</符号>
      <小数位>0</小数位>
      <权限>0</权限>
      <停机设定>false</停机设定>
      <保留>false</保留>
    </P00-14>
    <P00-15>
      <参数代码>P00-15</参数代码>
      <名称>电流环微分</名称>
      <设定>0</设定>
      <设定范围>0-65535</设定范围>
      <出厂设定>
      </出厂设定>
      <单位>
      </单位>
      <设定方式>在线设定
      </设定方式>
      <生效时间>立即生效
      </生效时间>
      <通讯地址>0x000F</通讯地址>
      <最小值>0</最小值>
      <最大值>65535</最大值>
      <说明>
      </说明>
      <符号>FALSE</符号>
      <小数位>0</小数位>
      <权限>0</权限>
      <停机设定>false</停机设定>
      <保留>false</保留>
    </P00-15>
    <P00-16>
      <参数代码>P00-16</参数代码>
      <名称>过压报警值</名称>
      <设定>30</设定>
      <设定范围>1-100</设定范围>
      <出厂设定>30
      </出厂设定>
      <单位>V
      </单位>
      <设定方式>停机设定
      </设定方式>
      <生效时间>立即生效
      </生效时间>
      <通讯地址>0x0010</通讯地址>
      <最小值>1</最小值>
      <最大值>100</最大值>
      <说明>设定母线过压报警值，仅一体化
      </说明>
      <符号>FALSE</符号>
      <小数位>0</小数位>
      <权限>0</权限>
      <停机设定>false</停机设定>
      <保留>False</保留>
    </P00-16>
    <P00-17>
      <参数代码>P00-17</参数代码>
      <名称>欠压报警值</名称>
      <设定>20</设定>
      <设定范围>1-100</设定范围>
      <出厂设定>20
      </出厂设定>
      <单位>V
      </单位>
      <设定方式>停机设定
      </设定方式>
      <生效时间>立即生效
      </生效时间>
      <通讯地址>0x0011</通讯地址>
      <最小值>1</最小值>
      <最大值>100</最大值>
      <说明>设定母线欠压报警值，仅一体化
      </说明>
      <符号>false</符号>
      <小数位>0</小数位>
      <权限>0</权限>
      <停机设定>false</停机设定>
      <保留>False</保留>
    </P00-17>
    <P00-18>
      <参数代码>P00-18</参数代码>
      <名称>加速时间</名称>
      <设定>10</设定>
      <设定范围>1-30000</设定范围>
      <出厂设定>1000
      </出厂设定>
      <单位>ms
      </单位>
      <设定方式>停机设定
      </设定方式>
      <生效时间>立即生效
      </生效时间>
      <通讯地址>0x0012</通讯地址>
      <最小值>1</最小值>
      <最大值>30000</最大值>
      <说明>
      </说明>
      <符号>FALSE</符号>
      <小数位>0</小数位>
      <权限>0</权限>
      <停机设定>false</停机设定>
      <保留>False</保留>
    </P00-18>
    <P00-19>
      <参数代码>P00-19</参数代码>
      <名称>减速时间</名称>
      <设定>10</设定>
      <设定范围>1-30000</设定范围>
      <出厂设定>1000
      </出厂设定>
      <单位>ms
      </单位>
      <设定方式>停机设定
      </设定方式>
      <生效时间>立即生效
      </生效时间>
      <通讯地址>0x0013</通讯地址>
      <最小值>1</最小值>
      <最大值>30000</最大值>
      <说明>
      </说明>
      <符号>FALSE</符号>
      <小数位>0</小数位>
      <权限>0</权限>
      <停机设定>false</停机设定>
      <保留>false</保留>
    </P00-19>
    <P00-20>
      <参数代码>P00-20</参数代码>
      <名称>使能信号电平</名称>
      <设定>0</设定>
      <设定范围>0-1</设定范围>
      <出厂设定>0
      </出厂设定>
      <单位>
      </单位>
      <设定方式>在线设定
      </设定方式>
      <生效时间>立即生效
      </生效时间>
      <通讯地址>0x0014</通讯地址>
      <最小值>0</最小值>
      <最大值>1</最大值>
      <说明>设置使能信号有效电平，通讯控制此参数无效 0：低电平有效 1：高电平有效
      </说明>
      <符号>FALSE</符号>
      <小数位>0</小数位>
      <权限>0</权限>
      <停机设定>false</停机设定>
      <保留>False</保留>
    </P00-20>
    <P00-21>
      <参数代码>P00-21</参数代码>
      <名称>方向信号电平</名称>
      <设定>0</设定>
      <设定范围>0-1</设定范围>
      <出厂设定>0
      </出厂设定>
      <单位>
      </单位>
      <设定方式>在线设定
      </设定方式>
      <生效时间>立即生效
      </生效时间>
      <通讯地址>0x0015</通讯地址>
      <最小值>0</最小值>
      <最大值>1</最大值>
      <说明>设置方向信号有效电平，通讯控制此参数无效 0：低电平正转 1：高电平正转
      </说明>
      <符号>FALSE</符号>
      <小数位>0</小数位>
      <权限>0</权限>
      <停机设定>false</停机设定>
      <保留>false</保留>
    </P00-21>
    <P00-22>
      <参数代码>P00-22</参数代码>
      <名称>刹车信号电平</名称>
      <设定>0</设定>
      <设定范围>0-1</设定范围>
      <出厂设定>0
      </出厂设定>
      <单位>
      </单位>
      <设定方式>在线设定
      </设定方式>
      <生效时间>立即生效
      </生效时间>
      <通讯地址>0x0016</通讯地址>
      <最小值>0</最小值>
      <最大值>1</最大值>
      <说明>设置刹车信号有效电平 0：低电平刹车 1：高电平刹车
      </说明>
      <符号>false</符号>
      <小数位>0</小数位>
      <权限>0</权限>
      <停机设定>false</停机设定>
      <保留>false</保留>
    </P00-22>
    <P00-23>
      <参数代码>P00-23</参数代码>
      <名称>过载系数</名称>
      <设定>0</设定>
      <设定范围>0.1-10.0</设定范围>
      <出厂设定>
      </出厂设定>
      <单位>
      </单位>
      <设定方式>
      </设定方式>
      <生效时间>
      </生效时间>
      <通讯地址>0x0017</通讯地址>
      <最小值>0.1</最小值>
      <最大值>10.0</最大值>
      <说明>电机过载报警系数</说明>
      <符号>FALSE</符号>
      <小数位>1</小数位>
      <权限>0</权限>
      <停机设定>false</停机设定>
      <保留>True</保留>
    </P00-23>
    <P00-24>
      <参数代码>P00-24</参数代码>
      <名称>多段速0速度</名称>
      <设定>0</设定>
      <设定范围>0-5000</设定范围>
      <出厂设定>0
      </出厂设定>
      <单位>RPM
      </单位>
      <设定方式>停机设定
      </设定方式>
      <生效时间>立即生效
      </生效时间>
      <通讯地址>0x0018</通讯地址>
      <最小值>0</最小值>
      <最大值>5000</最大值>
      <说明>多段速0速度给定</说明>
      <符号>FALSE</符号>
      <小数位>0</小数位>
      <权限>0</权限>
      <停机设定>false</停机设定>
      <保留>false</保留>
    </P00-24>
    <P00-25>
      <参数代码>P00-25</参数代码>
      <名称>多段速1速度</名称>
      <设定>0</设定>
      <设定范围>0-5000</设定范围>
      <出厂设定>0
      </出厂设定>
      <单位>RPM
      </单位>
      <设定方式>停机设定
      </设定方式>
      <生效时间>立即生效
      </生效时间>
      <通讯地址>0x0019</通讯地址>
      <最小值>0</最小值>
      <最大值>5000</最大值>
      <说明>多段速1速度给定</说明>
      <符号>FALSE</符号>
      <小数位>0</小数位>
      <权限>0</权限>
      <停机设定>false</停机设定>
      <保留>false</保留>
    </P00-25>
    <P00-26>
      <参数代码>P00-26</参数代码>
      <名称>多段速2速度</名称>
      <设定>0</设定>
      <设定范围>0-5000</设定范围>
      <出厂设定>0
      </出厂设定>
      <单位>RPM
      </单位>
      <设定方式>停机设定
      </设定方式>
      <生效时间>立即生效
      </生效时间>
      <通讯地址>0x001A</通讯地址>
      <最小值>0</最小值>
      <最大值>5000</最大值>
      <说明>多段速2速度给定</说明>
      <符号>FALSE</符号>
      <小数位>0</小数位>
      <权限>0</权限>
      <停机设定>false</停机设定>
      <保留>false</保留>
    </P00-26>
    <P00-27>
      <参数代码>P00-27</参数代码>
      <名称>多段速3速度</名称>
      <设定>0</设定>
      <设定范围>0-5000</设定范围>
      <出厂设定>0
      </出厂设定>
      <单位>RPM
      </单位>
      <设定方式>停机设定
      </设定方式>
      <生效时间>立即生效
      </生效时间>
      <通讯地址>0x001B</通讯地址>
      <最小值>0</最小值>
      <最大值>5000</最大值>
      <说明>多段速3速度给定</说明>
      <符号>FALSE</符号>
      <小数位>0</小数位>
      <权限>0</权限>
      <停机设定>false</停机设定>
      <保留>false</保留>
    </P00-27>
    <P00-28>
      <参数代码>P00-28</参数代码>
      <名称>多段速4速度</名称>
      <设定>0</设定>
      <设定范围>0-5000</设定范围>
      <出厂设定>0
      </出厂设定>
      <单位>RPM
      </单位>
      <设定方式>停机设定
      </设定方式>
      <生效时间>立即生效
      </生效时间>
      <通讯地址>0x001C</通讯地址>
      <最小值>0</最小值>
      <最大值>5000</最大值>
      <说明>多段速4速度给定</说明>
      <符号>FALSE</符号>
      <小数位>0</小数位>
      <权限>0</权限>
      <停机设定>false</停机设定>
      <保留>false</保留>
    </P00-28>
    <P00-29>
      <参数代码>P00-29</参数代码>
      <名称>多段速5速度</名称>
      <设定>0</设定>
      <设定范围>0-5000</设定范围>
      <出厂设定>0
      </出厂设定>
      <单位>RPM
      </单位>
      <设定方式>停机设定
      </设定方式>
      <生效时间>立即生效
      </生效时间>
      <通讯地址>0x001D</通讯地址>
      <最小值>0</最小值>
      <最大值>5000</最大值>
      <说明>多段速5速度给定</说明>
      <符号>FALSE</符号>
      <小数位>0</小数位>
      <权限>0</权限>
      <停机设定>false</停机设定>
      <保留>false</保留>
    </P00-29>
    <P00-30>
      <参数代码>P00-30</参数代码>
      <名称>多段速6速度</名称>
      <设定>0</设定>
      <设定范围>0-5000</设定范围>
      <出厂设定>0
      </出厂设定>
      <单位>RPM
      </单位>
      <设定方式>停机设定
      </设定方式>
      <生效时间>立即生效
      </生效时间>
      <通讯地址>0x001E</通讯地址>
      <最小值>0</最小值>
      <最大值>5000</最大值>
      <说明>多段速6速度给定</说明>
      <符号>FALSE</符号>
      <小数位>0</小数位>
      <权限>0</权限>
      <停机设定>false</停机设定>
      <保留>false</保留>
    </P00-30>
    <P00-31>
      <参数代码>P00-31</参数代码>
      <名称>多段速7速度</名称>
      <设定>0</设定>
      <设定范围>0-5000</设定范围>
      <出厂设定>0
      </出厂设定>
      <单位>RPM
      </单位>
      <设定方式>停机设定
      </设定方式>
      <生效时间>立即生效
      </生效时间>
      <通讯地址>0x001F</通讯地址>
      <最小值>0</最小值>
      <最大值>5000</最大值>
      <说明>多段速7速度给定</说明>
      <符号>FALSE</符号>
      <小数位>0</小数位>
      <权限>0</权限>
      <停机设定>false</停机设定>
      <保留>false</保留>
    </P00-31>
    <P00-32>
      <参数代码>P00-32</参数代码>
      <名称>换相测试</名称>
      <设定>0</设定>
      <设定范围>0-5000</设定范围>
      <出厂设定>0
      </出厂设定>
      <单位>RPM
      </单位>
      <设定方式>停机设定
      </设定方式>
      <生效时间>立即生效
      </生效时间>
      <通讯地址>0x0020</通讯地址>
      <最小值>0</最小值>
      <最大值>5000</最大值>
      <说明>多段速7速度给定</说明>
      <符号>FALSE</符号>
      <小数位>0</小数位>
      <权限>0</权限>
      <停机设定>false</停机设定>
      <保留>false</保留>
    </P00-32>
    <P00-33>
      <参数代码>P00-33</参数代码>
      <名称>电流环测试给定</名称>
      <设定>0</设定>
      <设定范围>0-65535</设定范围>
      <出厂设定>0
      </出厂设定>
      <单位>mA
      </单位>
      <设定方式>停机设定
      </设定方式>
      <生效时间>立即生效
      </生效时间>
      <通讯地址>0x0021</通讯地址>
      <最小值>0</最小值>
      <最大值>65535</最大值>
      <说明>多段速7速度给定</说明>
      <符号>FALSE</符号>
      <小数位>0</小数位>
      <权限>0</权限>
      <停机设定>false</停机设定>
      <保留>false</保留>
    </P00-33>
  </P00-00_BLDC参数>
</ParameterConfig>