﻿<?xml version="1.0" encoding="UTF-8"?>
<WarningConfig Number="81">
  <AL.000>
    <序列代码>AL.000</序列代码>
    <报警内容>无异常</报警内容>
    <报警原因>无异常</报警原因>
    <故障检查>无</故障检查>
    <处置措施>无</处置措施>
  </AL.000>
  <AL.001>
    <序列代码>AL.001</序列代码>
    <报警内容>保留</报警内容>
    <报警原因>保留</报警原因>
    <故障检查>保留</故障检查>
    <处置措施>保留</处置措施>
  </AL.001>
  <AL.002>
    <序列代码>AL.002</序列代码>
    <报警内容>过流</报警内容>
    <报警原因>功率模块电流过大</报警原因>
    <故障检查>1、U,V,W接线是否存在短路 2、负载过大 </故障检查>
    <处置措施>正确接线
若始终出现，则更换驱动器</处置措施>
  </AL.002>
  <AL.003>
    <序列代码>AL.003</序列代码>
    <报警内容>保留</报警内容>
    <报警原因>保留</报警原因>
    <故障检查>保留</故障检查>
    <处置措施>保留</处置措施>
  </AL.003>

  <AL.004>
    <序列代码>AL.004</序列代码>
    <报警内容>霍尔故障</报警内容>
    <报警原因>霍尔检测异常</报警原因>
    <故障检查>检查霍尔接线</故障检查>
    <处置措施>正确连接霍尔线</处置措施>
  </AL.004>
  <AL.005>
    <序列代码>AL.005</序列代码>
    <报警内容>保留</报警内容>
    <报警原因>保留</报警原因>
    <故障检查>保留</故障检查>
    <处置措施>保留</处置措施>
  </AL.005>
  <AL.006>
    <序列代码>AL.006</序列代码>
    <报警内容>欠压</报警内容>
    <报警原因>母线电压低于阈值</报警原因>
    <故障检查>母线电压是否异常</故障检查>
    <处置措施>1、调整母线在供电范围  2、增加加速时间</处置措施>
  </AL.006>
  <AL.007>
    <序列代码>AL.007</序列代码>
    <报警内容>过载</报警内容>
    <报警原因>负载超过设定值</报警原因>
    <故障检查>电机是否负载过大</故障检查>
    <处置措施>调整电机负载</处置措施>
  </AL.007>
  <AL.008>
    <序列代码>AL.008</序列代码>
    <报警内容>过压</报警内容>
    <报警原因>母线过压</报警原因>
    <故障检查>母线电压是否异常</故障检查>
    <处置措施>1、调整母线电压在供电范围  2、增加减速时间</处置措施>
  </AL.008>
  <AL.009>
    <序列代码>AL.009</序列代码>
    <报警内容>EERPOM错误</报警内容>
    <报警原因>EEPROM未初始化 </报警原因>
    <故障检查>是否初始化EEPROM</故障检查>
    <处置措施>重启驱动器，若始终出现，更换驱动器</处置措施>
  </AL.009>

</WarningConfig>