﻿<?xml version="1.0" encoding="UTF-8"?>
<WarningConfig Number="79">
<Register1>
<bit0 Code = "AL.000"></bit0>
<bit1 Code = "AL.002"></bit1>
<bit2 Code = "AL.000"></bit2>
<bit3 Code = "AL.004"></bit3>
<bit4 Code = "AL.000"></bit4>
<bit5 Code = "AL.006"></bit5>
<bit6 Code = "AL.007"></bit6>
<bit7 Code = "AL.008"></bit7>
<bit8 Code = "AL.009"></bit8>
<bit9 Code = "AL.000"></bit9>
<bit10 Code = "AL.00"></bit10>
<bit11 Code = "AL.000"></bit11>
<bit12 Code = "AL.000"></bit12>
<bit13 Code = "AL.000"></bit13>
<bit14 Code = "AL.000"></bit14>
<bit15 Code = "AL.000"></bit15>
</Register1>
<Register2>
<bit0 Code = "AL.000"></bit0>
<bit1 Code = "AL.000"></bit1>
<bit2 Code = "AL.000"></bit2>
<bit3 Code = "AL.000"></bit3>
<bit4 Code = "AL.000"></bit4>
<bit5 Code = "AL.000"></bit5>
<bit6 Code = "AL.000"></bit6>
<bit7 Code = "AL.000"></bit7>
<bit8 Code = "AL.000"></bit8>
<bit9 Code = "AL.000"></bit9>
<bit10 Code = "AL.000"></bit10>
<bit11 Code = "AL.000"></bit11>
<bit12 Code = "AL.000"></bit12>
<bit13 Code = "AL.000"></bit13>
<bit14 Code = "AL.000"></bit14>
<bit15 Code = "AL.000"></bit15>
</Register2>
<Register3>
<bit0 Code = "AL.000"></bit0>
<bit1 Code = "AL.000"></bit1>
<bit2 Code = "AL.000"></bit2>
<bit3 Code = "AL.000"></bit3>
<bit4 Code = "AL.000"></bit4>
<bit5 Code = "AL.000"></bit5>
<bit6 Code = "AL.000"></bit6>
<bit7 Code = "AL.000"></bit7>
<bit8 Code = "AL.000"></bit8>
<bit9 Code = "AL.000"></bit9>
<bit10 Code = "AL.000"></bit10>
<bit11 Code = "AL.000"></bit11>
<bit12 Code = "AL.000"></bit12>
<bit13 Code = "AL.000"></bit13>
<bit14 Code = "AL.000"></bit14>
<bit15 Code = "保留"></bit15>
</Register3>
<Register4>
<bit0 Code = "AL.000"></bit0>
<bit1 Code = "AL.000"></bit1>
<bit2 Code = "AL.000"></bit2>
<bit3 Code = "AL.000"></bit3>
<bit4 Code = "AL.000"></bit4>
<bit5 Code = "AL.000"></bit5>
<bit6 Code = "AL.000"></bit6>
<bit7 Code = "AL.000"></bit7>
<bit8 Code = "AL.000"></bit8>
<bit9 Code = "AL.000"></bit9>
<bit10 Code = "AL.000"></bit10>
<bit11 Code = "AL.000"></bit11>
<bit12 Code = "AL.000"></bit12>
<bit13 Code = "AL.000"></bit13>
<bit14 Code = "AL.000"></bit14>
<bit15 Code = "AL.000"></bit15>
</Register4>
<Register5>
 <bit0 Code = "AL.000"></bit0>
<bit1 Code = "AL.000"></bit1>
<bit2 Code = "AL.000"></bit2>
<bit3 Code = "AL.100"></bit3>
<bit4 Code = "AL.000"></bit4>
<bit5 Code = "AL.000"></bit5>
<bit6 Code = "AL.000"></bit6>
<bit7 Code = "AL.000"></bit7>
<bit8 Code = "AL.000"></bit8>
<bit9 Code = "AL.000"></bit9>
<bit10 Code = "AL.000"></bit10>
<bit11 Code = "AL.000"></bit11>
<bit12 Code = "AL.000"></bit12>
<bit13 Code = "AL.000"></bit13>
<bit14 Code = "AL.000"></bit14>
<bit15 Code = "AL.000"></bit15>
</Register5>
<Register6>
 <bit0 Code = "AL.000"></bit0>
<bit1 Code = "AL.000"></bit1>
<bit2 Code = "AL.000"></bit2>
<bit3 Code = "AL.000"></bit3>
<bit4 Code = "AL.000"></bit4>
<bit5 Code = "AL.000"></bit5>
<bit6 Code = "AL.000"></bit6>
<bit7 Code = "AL.000"></bit7>
<bit8 Code = "AL.000"></bit8>
<bit9 Code = "AL.000"></bit9>
<bit10 Code = "AL.000"></bit10>
<bit11 Code = "AL.000"></bit11>
<bit12 Code = "AL.000"></bit12>
<bit13 Code = "AL.000"></bit13>
<bit14 Code = "AL.000"></bit14>
<bit15 Code = "AL.000"></bit15>
</Register6>
<Register7>
 <bit0 Code ="AL.000"></bit0>
<bit1 Code = "AL.000"></bit1>
<bit2 Code = "AL.000"></bit2>
<bit3 Code = "AL.000"></bit3>
<bit4 Code = "AL.000"></bit4>
<bit5 Code = "AL.000"></bit5>
<bit6 Code = "AL.000"></bit6>
<bit7 Code = "AL.000"></bit7>
<bit8 Code = "AL.000"></bit8>
<bit9 Code = "AL.000"></bit9>
<bit10 Code = "AL.000"></bit10>
<bit11 Code = "AL.000"></bit11>
<bit12 Code = "AL.000"></bit12>
<bit13 Code = "AL.000"></bit13>
<bit14 Code = "AL.000"></bit14>
<bit15 Code = "AL.000"></bit15>
</Register7>
</WarningConfig>