﻿<?xml version="1.0" encoding="UTF-8"?>
<ScopConfig>
  <Channel1Color>-16711808</Channel1Color>
  <Channel2Color>-65281</Channel2Color>
  <Channel3Color>-256</Channel3Color>
  <Channel4Color>-32704</Channel4Color>
  <Background>-16744193</Background>
  <MoveMeasure>-65536</MoveMeasure>
  <Measure1>-16711681</Measure1>
  <AdjustColor>-128</AdjustColor>
  <MoveMeasureEnable>True</MoveMeasureEnable>
  <MeasureXEnable>True</MeasureXEnable>
  <MeasureYEnable>True</MeasureYEnable>
  <Channel1Enable>True</Channel1Enable>
  <Channel2Enable>False</Channel2Enable>
  <Channel3Enable>True</Channel3Enable>
  <Channel4Enable>True</Channel4Enable>
  <Channel1Measure>9</Channel1Measure>
  <Channel2Measure>9</Channel2Measure>
  <Channel3Measure>13</Channel3Measure>
  <Channel4Measure>14</Channel4Measure>
  <Channel1YOffset>0</Channel1YOffset>
  <Channel2YOffset>-60</Channel2YOffset>
  <Channel3YOffset>0</Channel3YOffset>
  <Channel4YOffset>38</Channel4YOffset>
  <Channel1Div>9</Channel1Div>
  <Channel2Div>9</Channel2Div>
  <Channel3Div>15</Channel3Div>
  <Channel4Div>15</Channel4Div>
  <TimePosition>-114</TimePosition>
  <TrigChannel>3</TrigChannel>
  <TrigThreshold>104</TrigThreshold>
  <TrigSet>1</TrigSet>
  <TrigOperation>3</TrigOperation>
  <SampleFrequency>0</SampleFrequency>
  <TimeDiv>7</TimeDiv>
  <DivTimeModel>1</DivTimeModel>
  <ScopIndexIncrease>1</ScopIndexIncrease>
  <DataBuffIndexIncrease>1</DataBuffIndexIncrease>
  <Measure2_1>0</Measure2_1>
  <Measure2_2>2</Measure2_2>
  <Measure2_3>3</Measure2_3>
  <Measure2_4>3</Measure2_4>
  <Measure1_1Typed>1</Measure1_1Typed>
  <Measure1_2Typed>1</Measure1_2Typed>
  <Measure1_3Typed>1</Measure1_3Typed>
  <Measure1_4Typed>1</Measure1_4Typed>
  <Measure2_1Typed>1</Measure2_1Typed>
  <Measure2_2Typed>1</Measure2_2Typed>
  <Measure2_3Typed>1</Measure2_3Typed>
  <Measure2_4Typed>1</Measure2_4Typed>
  <FirstChannel>1</FirstChannel>
  <TrigPercent>60</TrigPercent>
  <TrigOnlyOne>True</TrigOnlyOne>
  <SampleFrequency2>0</SampleFrequency2>
</ScopConfig>